PolicyNumber,CustomerName,DOB,PAN,Mobile,Email,Insurer,VehicleType,VehicleRegNo,IDV,AnnualPremium,PolicyStartDate,PolicyEndDate,City
AUPOL100000,Nitin Sharma,19881220,IFAZG4101U,919839831702,nitin.sharma0@gmail.com,HDFC Life,Bike,MH12AB1471,742536,37512,20240717,20310606,PUNE
AUPOL100001,Nitin Patil,19670210,BEIJL6286Q,917319083979,nitin.patil1@gmail.com,Bajaj Allianz,Bike,MH12AB4399,127157,24502,20220904,20290913,MUMBAI
AUPOL100002,Anil Patil,19820409,KMQYS6477R,917629579356,anil.patil2@gmail.com,Tata AIG,Car,MH12AB8741,272619,29730,20240123,20310304,BENGALURU
AUPOL100003,Prakash Kulkarni,19831204,LWZXQ8168M,918651987167,prakash.kulkarni3@gmail.com,ICICI Lombard,Bike,MH12AB4387,752397,38839,20240121,20310608,DELHI
AUPOL100004,Anil Mehta,19930627,EQYIQ9426J,917123050042,anil.mehta4@gmail.com,SBI Life,Bike,MH12AB4517,573072,35302,20220418,20330402,CHENNAI
AUPOL100005,Anil Kulkarni,19760120,CXIDU4152S,917283546886,anil.kulkarni5@gmail.com,HDFC Life,Car,MH12AB5601,101111,17895,20231214,20320329,HYDERABAD
AUPOL100006,Vikas Mehta,19940202,WPMXB2667V,919402413849,vikas.mehta6@gmail.com,ICICI Lombard,Car,MH12AB2969,452940,22348,20220105,20340521,DELHI
AUPOL100007,Rahul Joshi,19780508,RNEGQ3872Y,91898866129,rahul.joshi7@gmail.com,SBI Life,Bike,MH12AB8404,120407,36535,20230515,20300608,BENGALURU
AUPOL100008,Anil Verma,19740123,VRVGS2266Y,919878416513,anil.verma8@gmail.com,SBI Life,Bike,MH12AB5316,452487,20163,20240630,20281227,BENGALURU
AUPOL100009,Anil Mehta,19670325,LDCFZ9268Q,919925576507,amit.desai9@gmail.com,ICICI Lombard,Bike,MH12AB9534,628211,34258,20220304,20280515,HYDERABAD
AUPOL100010,Anil Desai,19660909,TAMGV5760U,918538274478,anil.desai10@gmail.com,SBI Life,Car,MH12AB3511,753389,30044,20230604,20301023,CHENNAI
AUPOL100011,Suresh Verma,19670622,MZQNE9794W,918110806430,suresh.verma11@gmail.com,Tata AIG,Car,MH12AB4613,155802,11136,20240309,20270629,MUMBAI
AUPOL100012,Rohit Joshi,19840702,MMWYL8592K,917955920262,rohit.joshi12@gmail.com,Tata AIG,Bike,MH12AB2008,380920,23239,20220422,20260516,DELHI
AUPOL100013,Amit Patil,19741126,WHIGD2264E,917996722131,amit.patil13@gmail.com,ICICI Lombard,Bike,MH12AB1936,196719,28318,20240924,20250803,MUMBAI
AUPOL100014,Prakash Sharma,19800621,ETXVY6308V,917074439068,prakash.sharma14@gmail.com,ICICI Lombard,Bike,MH12AB5283,186468,9931,20240125,20350305,PUNE
AUPOL100015,Kiran Mehta,19900514,ENATO4325I,917293122944,kiran.mehta15@gmail.com,HDFC Life,Car,MH12AB3543,336989,37075,20220803,20310711,CHENNAI
AUPOL100016,Manoj Gupta,19650114,DZBKR9044T,918862281889,manoj.gupta16@gmail.com,HDFC Life,Car,MH12AB8213,576481,10235,20241004,20281021,HYDERABAD
AUPOL100017,Suresh Gupta,19700619,BCJFG3731A,919142761394,suresh.gupta17@gmail.com,Bajaj Allianz,Car,MH12AB3102,471510,21570,20221023,20260318,MUMBAI
AUPOL100018,Rohit Sharma,19851226,BHCTK1589Z,919556647420,rohit.sharma18@gmail.com,Tata AIG,Bike,MH12AB4314,565565,15603,20220521,20350318,MUMBAI
AUPOL100019,Vikas Patil,19771111,WHZDR1126L,919803541351,vikas.patil19@gmail.com,HDFC Life,Bike,MH12AB5018,555456,29546,20240118,20270427,CHENNAI
AUPOL100020,Prakash Mehta,19700204,KQQNM9794N,918460829505,prakash.mehta20@gmail.com,SBI Life,Bike,MH12AB7201,506054,20439,20230909,20330424,MUMBAI
AUPOL100021,Amit Sharma,19740520,ADCMA1330A,919441430054,amit.sharma21@gmail.com,ICICI Lombard,Car,MH12AB3372,204352,14891,20220316,20341107,PUNE
AUPOL100022,Rahul Sharma,19990723,OO YEW9280B,918480549143,rahul.sharma22@gmail.com,Tata AIG,Bike,MH12AB9009,668389,25884,20230421,20280927,PUNE
AUPOL100023,Rahul Gupta,19860107,LBUTT4110X,918991677924,rahul.gupta23@gmail.com,SBI Life,Car,MH12AB6093,121090,18558,20240205,20330601,MUMBAI
AUPOL100024,Kiran Joshi,19771114,HATJJ7936A,917635052569,kiran.joshi24@gmail.com,Tata AIG,Bike,MH12AB3539,601054,16785,20220306,20270317,BENGALURU
AUPOL100025,Prakash Verma,19900216,JBVYT3925E,919075270400,prakash.verma25@gmail.com,Tata AIG,Bike,MH12AB7160,277958,8013,20230422,20280408,MUMBAI
AUPOL100026,Amit Sharma,19900529,LWJZM1578M,919763028175,amit.sharma26@gmail.com,Tata AIG,Bike,MH12AB3593,309741,16044,20221128,20261224,BENGALURU
AUPOL100027,Vikas Mehta,19731009,RKLLE3219G,919529754788,vikas.mehta27@gmail.com,ICICI Lombard,Car,MH12AB4924,437032,36335,20220611,20321227,PUNE
AUPOL100028,Vikas Desai,19990716,YCTOE1596V,918404771157,vikas.desai28@gmail.com,ICICI Lombard,Car,MH12AB5073,778180,34909,20240323,20280221,HYDERABAD
AUPOL100029,Prakash Patil,19910704,ZBTOP9204O,919540688099,prakash.patil29@gmail.com,SBI Life,Bike,MH12AB2307,185276,8201,20231205,20300715,PUNE
AUPOL100030,Vikas Mehta,19811020,DLNJX9220P,918887648280,vikas.mehta30@gmail.com,ICICI Lombard,Bike,MH12AB2952,194667,33351,20220910,20351215,MUMBAI
AUPOL100031,Suresh Kulkarni,19760208,AUUPK1696P,91736083472,suresh.kulkarni31@gmail.com,Tata AIG,Bike,MH12AB3294,689525,15561,20240718,20351022,HYDERABAD
AUPOL100032,Prakash Kulkarni,19681016,TRDWI5051D,919446824391,prakash.kulkarni32@gmail.com,Bajaj Allianz,Bike,MH12AB9650,169795,28379,20220923,20340327,PUNE
AUPOL100033,Nitin Mehta,19700212,YQZMV3080Q,919953316014,nitin.mehta33@gmail.com,Bajaj Allianz,Car,MH12AB8543,609603,27338,20240408,20350730,HYDERABAD
AUPOL100034,Manoj Sharma,19930313,FVJX2460Y,919051157465,manoj.sharma34@gmail.com,ICICI Lombard,Car,MH12AB9395,85928,34634,20220823,20311030,MUMBAI
AUPOL100035,Rahul Patil,19940904,VWNFA4703N,917631616228,rahul.patil35@gmail.com,Bajaj Allianz,Bike,MH12AB8858,766903,23839,20220811,20320923,DELHI
AUPOL100036,Nitin Kulkarni,19720514,BZRQA2263I,919007722665,nitin.kulkarni36@gmail.com,Bajaj Allianz,Bike,MH12AB1486,130290,29685,20220127,20321126,MUMBAI
AUPOL100037,Suresh Kulkarni,19731109,BNFTL3225J,917448714914,suresh.kulkarni37@gmail.com,SBI Life,Car,MH12AB3416,361081,23930,20230104,20350822,MUMBAI
AUPOL100038,Amit Mehta,19861129,EEPGR7945A,918396827438,amit.mehta38@gmail.com,ICICI Lombard,Bike,MH12AB5114,733675,35300,20220921,20320411,PUNE
AUPOL100039,Prakash Mehta,19941205,VDGEH3169U,918254266938,prakash.mehta39@gmail.com,ICICI Lombard,Car,MH12AB7729,652789,11944,20220322,20290807,BENGALURU
AUPOL100040,Prakash Sharma,19980429,BXSNH2086O,917743734968,prakash.sharma40@gmail.com,SBI Life,Car,MH12AB8398,216782,10764,20221127,20280105,PUNE
AUPOL100041,Kiran Kulkarni,19660619,TOPQO5742J,919500227524,kiran.kulkarni41@gmail.com,SBI Life,Bike,MH12AB6540,208802,38178,20220420,20260425,HYDERABAD
AUPOL100042,Manoj Kulkarni,19810908,OLFJK2999J,919933905575,manoj.kulkarni42@gmail.com,ICICI Lombard,Bike,MH12AB9179,577085,10606,20221229,20350224,HYDERABAD
AUPOL100043,Suresh Verma,19921109,AEDOT9430R,919317856497,suresh.verma43@gmail.com,Tata AIG,Car,MH12AB5227,782000,11937,20241210,20350124,PUNE
AUPOL100044,Rahul Mehta,19740104,XNRUU7788C,918398540635,rahul.mehta44@gmail.com,SBI Life,Bike,MH12AB7905,403360,26360,20240720,20260806,PUNE
AUPOL100045,Rohit Kulkarni,19680318,WYAIY3179M,918807825379,rohit.kulkarni45@gmail.com,ICICI Lombard,Bike,MH12AB6193,779797,22758,20220426,20340725,MUMBAI
AUPOL100046,Vikas Verma,19710504,BWHTZ7084K,917974500902,vikas.verma46@gmail.com,HDFC Life,Bike,MH12AB1580,526334,8577,20230425,20270518,PUNE
AUPOL100047,Anil Verma,19730331,PTPHH4627L,917253229374,anil.verma47@gmail.com,Tata AIG,Car,MH12AB8675,215814,25505,20220216,20251007,HYDERABAD
AUPOL100048,Vikas Sharma,19810308,QRPST2567C,91953993257,vikas.sharma48@gmail.com,ICICI Lombard,Car,MH12AB5519,80749,22302,20240214,20300728,MUMBAI
AUPOL100049,Amit Patil,19790907,GTQPA3383V,918776814449,amit.patil49@gmail.com,Tata AIG,Car,MH12AB8502,93196,18902,20240626,20280806,DELHI
AUPOL100050,Nitin Gupta,19700820,RERYT2899R,918640567676,nitin.gupta50@gmail.com,ICICI Lombard,Car,MH12AB2502,74395,25155,20230121,20350723,HYDERABAD
AUPOL100051,Kiran Gupta,20000529,ZTHGN6626E,917340448887,kiran.gupta51@gmail.com,ICICI Lombard,Bike,MH12AB2963,383166,13080,20231120,20311020,CHENNAI
AUPOL100052,Suresh Joshi,19800907,OFGLP3853T,919757619833,suresh.joshi52@gmail.com,ICICI Lombard,Car,MH12AB6667,459010,9964,20230126,20340630,CHENNAI
AUPOL100053,Rahul Gupta,19851225,CYPSY7553L,919616935646,rahul.gupta53@gmail.com,SBI Life,Car,MH12AB6008,759144,37274,20240531,20280731,BENGALURU
AUPOL100054,Manoj Sharma,19690114,FELPX6396C,919549142587,manoj.sharma54@gmail.com,Tata AIG,Car,MH12AB8662,456428,12860,20240909,20260602,BENGALURU
AUPOL100055,Anil Verma,19961214,LKUXM1531W,919370538305,anil.verma55@gmail.com,HDFC Life,Car,MH12AB3753,311413,24841,20230618,20290617,MUMBAI
AUPOL100056,Amit Sharma,19711013,DGNUF1831I,918416326017,amit.sharma56@gmail.com,SBI Life,Car,MH12AB7486,703519,9014,20230804,20291224,CHENNAI
AUPOL100057,Rohit Joshi,19950422,LDGLT9238I,917369891797,rohit.joshi57@gmail.com,Bajaj Allianz,Car,MH12AB5597,574464,31141,20220802,20290825,MUMBAI
AUPOL100058,Nitin Desai,19891201,PGCAC3205J,917250085683,nitin.desai58@gmail.com,Tata AIG,Bike,MH12AB2716,272927,8925,20230331,20270617,HYDERABAD
AUPOL100059,Prakash Verma,19930412,ZQZFF2051O,919692662673,prakash.verma59@gmail.com,Bajaj Allianz,Car,MH12AB4564,753423,27489,20230621,20330816,MUMBAI
AUPOL100060,Nitin Desai,19900105,ZDOAY3966E,919589449969,nitin.desai60@gmail.com,Bajaj Allianz,Car,MH12AB9510,238968,24005,20240609,20310325,BENGALURU
AUPOL100061,Rahul Desai,19850523,PJBIY9656A,917620316573,rahul.desai61@gmail.com,HDFC Life,Car,MH12AB7745,305867,35564,20240709,20350302,CHENNAI
AUPOL100062,Amit Patil,19950921,VHSJF3432X,919974573329,amit.patil62@gmail.com,ICICI Lombard,Car,MH12AB4120,756259,14910,20240322,20271103,PUNE
AUPOL100063,Vikas Mehta,19701103,RHFKE7855V,91949946748,vikas.mehta63@gmail.com,SBI Life,Bike,MH12AB8417,596763,31014,20230813,20310313,BENGALURU
AUPOL100064,Kiran Gupta,19760919,BCFGU4358B,917812624462,kiran.gupta64@gmail.com,Tata AIG,Car,MH12AB3148,542735,34295,20220909,20330213,HYDERABAD
AUPOL100065,Manoj Mehta,19900206,XDENS4398Y,918892788371,manoj.mehta65@gmail.com,Bajaj Allianz,Car,MH12AB1505,408268,36013,20220704,20270904,BENGALURU
AUPOL100066,Vikas Sharma,19910726,VRUUO3377S,918356855005,vikas.sharma66@gmail.com,Bajaj Allianz,Bike,MH12AB8336,457437,19544,20240529,20251001,BENGALURU
AUPOL100067,Suresh Sharma,19731209,VFJYX8287U,918627880650,suresh.sharma67@gmail.com,HDFC Life,Bike,MH12AB6212,356126,32187,20240906,20330102,BENGALURU
AUPOL100068,Anil Desai,19761210,RCMKM8321A,919463358967,anil.desai68@gmail.com,Bajaj Allianz,Bike,MH12AB7501,276150,26596,20220413,20270920,DELHI
AUPOL100069,Manoj Sharma,19940311,KQNTF3849I,917327202829,manoj.sharma69@gmail.com,Bajaj Allianz,Bike,MH12AB7772,788181,34820,20240207,20270511,BENGALURU
AUPOL100070,Prakash Mehta,19891105,XKLXF6062I,918877610048,prakash.mehta70@gmail.com,ICICI Lombard,Bike,MH12AB7570,412033,33306,20240705,20350614,CHENNAI
AUPOL100071,Suresh Verma,19901220,LQUEY4730I,917160797874,suresh.verma71@gmail.com,Bajaj Allianz,Car,MH12AB8952,236667,14035,20240621,20330516,HYDERABAD
AUPOL100072,Vikas Gupta,19851229,NUTGI8368Q,91809607234,vikas.gupta72@gmail.com,ICICI Lombard,Car,MH12AB5335,97992,10987,20220505,20261210,BENGALURU
AUPOL100073,Rohit Verma,19930605,IOFGP4128D,919007425308,rohit.verma73@gmail.com,SBI Life,Bike,MH12AB5891,690009,14067,20241122,20341127,CHENNAI
AUPOL100074,Anil Mehta,19720106,DDSVU6386C,918818932880,anil.mehta74@gmail.com,Bajaj Allianz,Bike,MH12AB9513,616768,39539,20231007,20300127,DELHI
AUPOL100075,Kiran Joshi,19850811,NFNWR6187W,917776779793,kiran.joshi75@gmail.com,Tata AIG,Car,MH12AB7214,628455,25562,20240810,20300619,HYDERABAD
AUPOL100076,Rohit Gupta,19660625,EQFBD6738B,919284621084,rohit.gupta76@gmail.com,SBI Life,Bike,MH12AB4827,95924,15659,20241007,20291216,BENGALURU
AUPOL100077,Vikas Gupta,19830513,PKTGZ9946R,919661043345,vikas.gupta77@gmail.com,ICICI Lombard,Car,MH12AB8808,386806,9068,20221202,20341019,DELHI
AUPOL100078,Rohit Desai,19980212,PYCOQ1831S,919535765472,rohit.desai78@gmail.com,ICICI Lombard,Bike,MH12AB8236,639753,33956,20231229,20251018,BENGALURU
AUPOL100079,Amit Desai,19930331,CAIMS2490B,919279601556,amit.desai79@gmail.com,Bajaj Allianz,Bike,MH12AB2394,353124,12405,20240131,20300131,CHENNAI
AUPOL100080,Rahul Gupta,19771126,SWDPS3747K,919169550262,rahul.gupta80@gmail.com,ICICI Lombard,Bike,MH12AB8687,527283,11887,20241229,20320127,MUMBAI
AUPOL100081,Suresh Desai,19690922,QZWJF6081D,917506199088,suresh.desai81@gmail.com,Bajaj Allianz,Car,MH12AB1200,713278,24566,20230817,20350728,HYDERABAD
AUPOL100082,Suresh Joshi,19890309,XRUIH1777X,919836496307,suresh.joshi82@gmail.com,Tata AIG,Bike,MH12AB8017,758574,29159,20240315,20250317,BENGALURU
AUPOL100083,Prakash Joshi,19940726,HEBIV6097D,918084628173,prakash.joshi83@gmail.com,Bajaj Allianz,Car,MH12AB8052,111081,38937,20221012,20260902,BENGALURU
AUPOL100084,Suresh Patil,19660814,OKGBZ4056R,917035229986,suresh.patil84@gmail.com,HDFC Life,Car,MH12AB3171,375598,12938,20221110,20280126,CHENNAI
AUPOL100085,Rahul Mehta,19921101,TXIOW4205I,919649085351,rahul.mehta85@gmail.com,ICICI Lombard,Car,MH12AB7089,352188,23674,20240102,20320804,HYDERABAD
AUPOL100086,Rahul Sharma,19860415,DZJAL3373N,917828948300,rahul.sharma86@gmail.com,ICICI Lombard,Car,MH12AB6549,514398,17255,20220110,20311223,BENGALURU
AUPOL100087,Nitin Patil,19940318,EAVII3705W,917438042180,nitin.patil87@gmail.com,ICICI Lombard,Car,MH12AB2140,299847,20348,20241014,20260901,BENGALURU
AUPOL100088,Kiran Sharma,19931230,OQUYA4273G,918529034784,kiran.sharma88@gmail.com,ICICI Lombard,Car,MH12AB4378,280618,27036,20230802,20301012,BENGALURU
AUPOL100089,Vikas Gupta,19900108,TUOSZ1728B,919592251106,vikas.gupta89@gmail.com,Tata AIG,Car,MH12AB5114,425790,23934,20220306,20300316,CHENNAI
AUPOL100090,Rohit Verma,19740324,DNIBI3937P,918366059432,rohit.verma90@gmail.com,SBI Life,Bike,MH12AB2592,372538,27026,20241013,20290711,DELHI
AUPOL100091,Rohit Patil,19650215,CBEMH3065X,917843212037,rohit.patil91@gmail.com,SBI Life,Bike,MH12AB6459,618314,35021,20230311,20291227,DELHI
AUPOL100092,Manoj Mehta,19720707,PCFBA8026G,918666784671,manoj.mehta92@gmail.com,Bajaj Allianz,Bike,MH12AB8790,465619,16452,20221117,20300307,PUNE
AUPOL100093,Nitin Verma,20000205,BNZUW9617H,919571457053,nitin.verma93@gmail.com,SBI Life,Bike,MH12AB6369,791622,26680,20240916,20251009,BENGALURU
AUPOL100094,Rohit Patil,19770409,FLFFV2859G,917329552003,rohit.patil94@gmail.com,ICICI Lombard,Car,MH12AB1308,157981,28712,20240701,20330528,MUMBAI
AUPOL100095,Manoj Verma,19841214,NKYNQ8789W,918935433614,manoj.verma95@gmail.com,ICICI Lombard,Bike,MH12AB3808,563171,39017,20220526,20271122,PUNE
AUPOL100096,Kiran Patil,19730312,LTFLK28310,917845824482,kiran.patil96@gmail.com,HDFC Life,Car,MH12AB5039,285863,37024,20240623,20350729,PUNE
AUPOL100097,Vikas Gupta,19820308,CWDRP7756M,918780715570,vikas.gupta97@gmail.com,Tata AIG,Bike,MH12AB3505,68254,32362,20241225,20341109,DELHI
AUPOL100098,Manoj Patil,19860508,LFTHH4365X,918838653094,manoj.patil98@gmail.com,Bajaj Allianz,Bike,MH12AB6501,422929,34636,20220102,20261110,BENGALURU
AUPOL100099,Suresh Patil,19930914,CXTVK7244J,917922473737,suresh.patil99@gmail.com,SBI Life,Car,MH12AB6529,399858,10335,20240509,20320115,PUNE
AUPOL100100,Nitin Sharma,19810304,QNMLW3024Y,919934758535,nitin.sharma100@gmail.com,HDFC Life,Car,MH12AB4129,282470,36322,20230107,20251025,HYDERABAD